Prosema Artikelnummer,Lieferantenartikelnummer,Hauptgruppe,Untergruppe,PROSEMA Kurztext,PROSEMA Langtext,Kurzbeschreibung,Referenz (Matchcode),GTIN (EAN-Nummer),Artikeltyp,Einheit,Kategorie,Aktiv,Im Verkauf,Steuersatz,Im Shop verfügbar,Im Shop aktiv,Bestand übertragen,Gewichtseinheit,Grundmaterial,Oberfläche,Farbe,Produktfamilie,Rabattcode,Verkaufseinheit,Verpackung,VPE 1,VPE 2,VPE 3,Breite in mm,Länge in cm,Höhe in mm,Bodenleger,Dachdecker,Landschaftsgärtner,Plattenleger,Artikelbeschreibung HTML,Nettogewicht kg,Produkt-ID (Prosema),Varianten-ID (Prosema)
wird autogeneriert,J0110225,,,BM 4 Bettungsmörtel,,BM 4 Bettungsmörtel,,4250935100467,BASIC,Stk.,,Nein,Ja,STANDARD,Ja,Ja,Ja,kg,,,grau,Bettungsmörtel,,Sack,25 kg Sack,1,42,420,,,,Nein,Nein,Nein,Nein,,,,
wird autogeneriert,J0110200,,,BM 4 Bettungsmörtel,,BM 4 Bettungsmörtel,,4250935100450,BASIC,kg,,Ja,Ja,STANDARD,Ja,Ja,Ja,kg,,,grau,Bettungsmörtel,,t,lose,,,,,,,Nein,Nein,Nein,Nein,,,,
wird autogeneriert,J0110025,,,BM 4 D Bettungsmörtel,,BM 4 D Bettungsmörtel,,4250935100429,BASIC,Stk.,,Nein,Ja,STANDARD,Ja,Ja,Ja,kg,,,grau,Bettungsmörtel,,Sack,25 kg Sack,,,,,,,Nein,Nein,Nein,Nein,,,,
wird autogeneriert,J0110000,,,BM 4 D Bettungsmörtel,,BM 4 D Bettungsmörtel,,4250935100412,BASIC,kg,,Ja,Ja,STANDARD,Ja,Ja,Ja,kg,,,grau,Bettungsmörtel,,t,lose,,,,,,,Nein,Nein,Nein,Nein,,,,
wird autogeneriert,J0112125,,,GDM GALA Drainmörtel,,GDM GALA Drainmörtel,,4250935102928,BASIC,Stk.,,Ja,Ja,STANDARD,Ja,Ja,Ja,kg,,,grau,Bettungsmörtel,,Sack,25 kg Sack,,,,,,,Nein,Nein,Nein,Nein,,,,
wird autogeneriert,J0112100,,,GDM GALA Drainmörtel,,GDM GALA Drainmörtel,,4250935102911,BASIC,kg,,Ja,Ja,STANDARD,Ja,Ja,Ja,kg,,,grau,Bettungsmörtel,,t,lose,,,,,,,Nein,Nein,Nein,Nein,,,,
wird autogeneriert,J0110125,,,BM 8 D Bettungsmörtel,,BM 8 D Bettungsmörtel,,4250935100443,BASIC,Stk.,,Ja,Ja,STANDARD,Ja,Ja,Ja,kg,,,grau,Bettungsmörtel,,Sack,25 kg Sack,,,,,,,Nein,Nein,Nein,Nein,,,,
wird autogeneriert,J0110100,,,BM 8 D Bettungsmörtel,,BM 8 D Bettungsmörtel,,4250935100436,BASIC,kg,,Ja,Ja,STANDARD,Ja,Ja,Ja,kg,,,grau,Bettungsmörtel,,t,lose,,,,,,,Nein,Nein,Nein,Nein,,,,
wird autogeneriert,J0111625,,,PCC-BM 4 D Bettungsmörtel,,PCC-BM 4 D Bettungsmörtel,,4250935100665,BASIC,Stk.,,Ja,Ja,STANDARD,Ja,Ja,Ja,kg,,,,Bettungsmörtel,,Sack,25 kg Sack,,,,,,,Nein,Nein,Nein,Nein,,,,
wird autogeneriert,J0111600,,,PCC-BM 4 D Bettungsmörtel,,PCC-BM 4 D Bettungsmörtel,,4250935102638,BASIC,kg,,Ja,Ja,STANDARD,Ja,Ja,Ja,kg,,,,Bettungsmörtel,,t,lose,,,,,,,Nein,Nein,Nein,Nein,,,,
wird autogeneriert,J01106*,,,BM-3K Bettungsmörtel,,BM-3K Bettungsmörtel,,4250935100542,BASIC,Stk.,,Ja,Ja,STANDARD,Ja,Ja,Ja,kg,,,,Bettungsmörtel,,Gebinde,"53,5 kg Gebinde",,,,,,,Nein,Nein,Nein,Nein,,,,
wird autogeneriert,J0110925,,,BMB Bettungsmörtel-Bindemittel,,BMB Bettungsmörtel-Bindemittel,,4250935100580,BASIC,Stk.,,Ja,Ja,STANDARD,Ja,Ja,Ja,kg,,,,Bettungsmörtel,,Sack,25 kg Sack,,,,,,,Nein,Nein,Nein,Nein,,,,
wird autogeneriert,J0800025,,,JURALITH Blitzfix,,JURALITH Blitzfix,,,BASIC,Stk.,,Ja,Ja,STANDARD,Ja,Ja,Ja,kg,,,,Beton,,Sack,25 kg Sack,,,,,,,Nein,Nein,Nein,Nein,,,,
wird autogeneriert,J0300025,,,PKS Pflasterkontaktschlämme,,PKS Pflasterkontaktschlämme,,4250935101549,BASIC,Stk.,,Ja,Ja,STANDARD,Ja,Ja,Ja,kg,,,,Pflasterkontaktschlämme / Kleber,,Sack,25 kg Sack,,,,,,,Nein,Nein,Nein,Nein,,,,
wird autogeneriert,J1410933,,,FSK-S2 Feinsteinzeugkleber 2-komp.,,FSK-S2 Feinsteinzeugkleber 2-komp.,,,BASIC,Stk.,,Ja,Ja,STANDARD,Ja,Ja,Ja,kg,,,,Pflasterkontaktschlämme / Kleber,,Sack,25 kg Sack,,,,,,,Nein,Nein,Nein,Nein,,,,
wird autogeneriert,J1400225,,,FFK Flex-Fliesenkleber,,FFK Flex-Fliesenkleber,,,BASIC,Stk.,,Ja,Ja,STANDARD,Ja,Ja,Ja,kg,,,,Pflasterkontaktschlämme / Kleber,,Sack,25 kg Sack,,,,,,,Nein,Nein,Nein,Nein,,,,
wird autogeneriert,J1400315,,,FFK-L Faser-Flexkleber leicht,,FFK-L Faser-Flexkleber leicht,,,BASIC,Stk.,,Ja,Ja,STANDARD,Ja,Ja,Ja,kg,,,,Pflasterkontaktschlämme / Kleber,,Sack,15 kg Sack,,,,,,,Nein,Nein,Nein,Nein,,,,
wird autogeneriert,J1400425,,,GFK Großformatkleber XXL,,GFK Großformatkleber XXL,,,BASIC,Stk.,,Ja,Ja,STANDARD,Ja,Ja,Ja,kg,,,,Pflasterkontaktschlämme / Kleber,,Sack,25 kg Sack,,,,,,,Nein,Nein,Nein,Nein,,,,
wird autogeneriert,J1400125,,,ABK Asphalt-Beton-Kleber,,ABK Asphalt-Beton-Kleber,,,BASIC,Stk.,,Ja,Ja,STANDARD,Ja,Ja,Ja,kg,,,,Pflasterkontaktschlämme / Kleber,,Sack,25 kg Sack,,,,,,,Nein,Nein,Nein,Nein,,,,
wird autogeneriert,J0200025,,,ZFM 500 Pflasterfugenmörtel grau,,ZFM 500 Pflasterfugenmörtel grau,,4250935100696,BASIC,Stk.,,Ja,Ja,STANDARD,Ja,Ja,Ja,kg,,,,Pflasterfugenmörtel zementgebunden,,Sack,25 kg Sack,,,,,,,Nein,Nein,Nein,Nein,,,,
wird autogeneriert,J0200000,,,ZFM 500 Pflasterfugenmörtel grau,,ZFM 500 Pflasterfugenmörtel grau,,4250935100689,BASIC,kg,,Ja,Ja,STANDARD,Ja,Ja,Ja,kg,,,,Pflasterfugenmörtel zementgebunden,,t,lose,,,,,,,Nein,Nein,Nein,Nein,,,,
wird autogeneriert,J0201025,,,ZFM 600 Pflasterfugenmörtel grau,,ZFM 600 Pflasterfugenmörtel grau,,4250935100795,BASIC,Stk.,,Ja,Ja,STANDARD,Ja,Ja,Ja,kg,,,,Pflasterfugenmörtel zementgebunden,,Sack,25 kg Sack,,,,,,,Nein,Nein,Nein,Nein,,,,
wird autogeneriert,J0201000,,,ZFM 600 Pflasterfugenmörtel grau,,ZFM 600 Pflasterfugenmörtel grau,,4250935102492,BASIC,kg,,Ja,Ja,STANDARD,Ja,Ja,Ja,kg,,,,Pflasterfugenmörtel zementgebunden,,t,lose,,,,,,,Nein,Nein,Nein,Nein,,,,
wird autogeneriert,J0202825,,,ZFM 600 Pflasterfugenmörtel dunkelgrau,,ZFM 600 Pflasterfugenmörtel dunkelgrau,,4250935102904,BASIC,Stk.,,Ja,Ja,STANDARD,Ja,Ja,Ja,kg,,,,Pflasterfugenmörtel zementgebunden,,Sack,25 kg Sack,,,,,,,Nein,Nein,Nein,Nein,,,,
wird autogeneriert,J0202800,,,ZFM 600 Pflasterfugenmörtel dunkelgrau,,ZFM 600 Pflasterfugenmörtel dunkelgrau,,,BASIC,kg,,Ja,Ja,STANDARD,Ja,Ja,Ja,kg,,,,Pflasterfugenmörtel zementgebunden,,t,lose,,,,,,,Nein,Nein,Nein,Nein,,,,
wird autogeneriert,J0202725,,,ZFM 600 Pflasterfugenmörtel anthrazit,,ZFM 600 Pflasterfugenmörtel anthrazit,,4250935102898,BASIC,Stk.,,Ja,Ja,STANDARD,Ja,Ja,Ja,kg,,,,Pflasterfugenmörtel zementgebunden,,Sack,25 kg Sack,,,,,,,Nein,Nein,Nein,Nein,,,,
wird autogeneriert,J0202700,,,ZFM 600 Pflasterfugenmörtel anthrazit,,ZFM 600 Pflasterfugenmörtel anthrazit,,,BASIC,kg,,Ja,Ja,STANDARD,Ja,Ja,Ja,kg,,,,Pflasterfugenmörtel zementgebunden,,t,lose,,,,,,,Nein,Nein,Nein,Nein,,,,
wird autogeneriert,J0202625,,,ZFM 600 Pflasterfugenmörtel sand,,ZFM 600 Pflasterfugenmörtel sand,,4250935102881,BASIC,Stk.,,Ja,Ja,STANDARD,Ja,Ja,Ja,kg,,,,Pflasterfugenmörtel zementgebunden,,Sack,25 kg Sack,,,,,,,Nein,Nein,Nein,Nein,,,,
wird autogeneriert,J0202600,,,ZFM 600 Pflasterfugenmörtel sand,,ZFM 600 Pflasterfugenmörtel sand,,,BASIC,kg,,Ja,Ja,STANDARD,Ja,Ja,Ja,kg,,,,Pflasterfugenmörtel zementgebunden,,t,lose,,,,,,,Nein,Nein,Nein,Nein,,,,
wird autogeneriert,J0203425,,,ZFM 630 Pflasterfugenmörtel grau,,ZFM 630 Pflasterfugenmörtel grau,,,BASIC,Stk.,,Ja,Ja,STANDARD,Ja,Ja,Ja,kg,,,,Pflasterfugenmörtel zementgebunden,,Sack,25 kg Sack,,,,,,,Nein,Nein,Nein,Nein,,,,
wird autogeneriert,J0203400,,,ZFM 630 Pflasterfugenmörtel grau,,ZFM 630 Pflasterfugenmörtel grau,,,BASIC,kg,,Ja,Ja,STANDARD,Ja,Ja,Ja,kg,,,,Pflasterfugenmörtel zementgebunden,,t,lose,,,,,,,Nein,Nein,Nein,Nein,,,,
wird autogeneriert,J0200225,,,ZFM 700 Pflasterfugenmörtel grau,,ZFM 700 Pflasterfugenmörtel grau,,4250935100719,BASIC,Stk.,,Ja,Ja,STANDARD,Ja,Ja,Ja,kg,,,,Pflasterfugenmörtel zementgebunden,,Sack,25 kg Sack,,,,,,,Nein,Nein,Nein,Nein,,,,
wird autogeneriert,J0200325,,,ZFM 700 Pflasterfugenmörtel dunkelgrau,,ZFM 700 Pflasterfugenmörtel dunkelgrau,,4250935100726,BASIC,Stk.,,Ja,Ja,STANDARD,Ja,Ja,Ja,kg,,,,Pflasterfugenmörtel zementgebunden,,Sack,25 kg Sack,,,,,,,Nein,Nein,Nein,Nein,,,,
wird autogeneriert,J0200425,,,ZFM 700 Pflasterfugenmörtel anthrazit,,ZFM 700 Pflasterfugenmörtel anthrazit,,4250935100733,BASIC,Stk.,,Ja,Ja,STANDARD,Ja,Ja,Ja,kg,,,,Pflasterfugenmörtel zementgebunden,,Sack,25 kg Sack,,,,,,,Nein,Nein,Nein,Nein,,,,
wird autogeneriert,J0203625,,,ZFM 700 LTR Pflasterfugenmörtel grau,,ZFM 700 LTR Pflasterfugenmörtel grau,,,BASIC,Stk.,,Ja,Ja,STANDARD,Ja,Ja,Ja,kg,,,,Pflasterfugenmörtel zementgebunden,,Sack,25 kg Sack,,,,,,,Nein,Nein,Nein,Nein,,,,
wird autogeneriert,J0200525,,,ZFM 700 Pflasterfugenmörtel sand,,ZFM 700 Pflasterfugenmörtel sand,,4250935100740,BASIC,Stk.,,Ja,Ja,STANDARD,Ja,Ja,Ja,kg,,,,Pflasterfugenmörtel zementgebunden,,Sack,25 kg Sack,,,,,,,Nein,Nein,Nein,Nein,,,,
wird autogeneriert,J0200625,,,ZFM 700/2 Pflasterfugenmörtel grau,,ZFM 700/2 Pflasterfugenmörtel grau,,4250935100757,BASIC,Stk.,,Ja,Ja,STANDARD,Ja,Ja,Ja,kg,,,,Pflasterfugenmörtel zementgebunden,,Sack,25 kg Sack,,,,,,,Nein,Nein,Nein,Nein,,,,
wird autogeneriert,J0200925,,,ZFM 700/2 Pflasterfugenmörtel dunkelgrau,,ZFM 700/2 Pflasterfugenmörtel dunkelgrau,,4250935100788,BASIC,Stk.,,Ja,Ja,STANDARD,Ja,Ja,Ja,kg,,,,Pflasterfugenmörtel zementgebunden,,Sack,25 kg Sack,,,,,,,Nein,Nein,Nein,Nein,,,,
wird autogeneriert,J0200725,,,ZFM 700/2 Pflasterfugenmörtel anthrazit,,ZFM 700/2 Pflasterfugenmörtel anthrazit,,4250935100764,BASIC,Stk.,,Ja,Ja,STANDARD,Ja,Ja,Ja,kg,,,,Pflasterfugenmörtel zementgebunden,,Sack,25 kg Sack,,,,,,,Nein,Nein,Nein,Nein,,,,
wird autogeneriert,J0200825,,,ZFM 700/2 Pflasterfugenmörtel sand,,ZFM 700/2 Pflasterfugenmörtel sand,,4250935100771,BASIC,Stk.,,Ja,Ja,STANDARD,Ja,Ja,Ja,kg,,,,Pflasterfugenmörtel zementgebunden,,Sack,25 kg Sack,,,,,,,Nein,Nein,Nein,Nein,,,,
wird autogeneriert,J0201125,,,ZFM 730 Pflasterfugenmörtel grau,,ZFM 730 Pflasterfugenmörtel grau,,4250935100801,BASIC,Stk.,,Ja,Ja,STANDARD,Ja,Ja,Ja,kg,,,,Pflasterfugenmörtel zementgebunden,,Sack,25 kg Sack,,,,,,,Nein,Nein,Nein,Nein,,,,
wird autogeneriert,J0201225,,,ZFM 730 Pflasterfugenmörtel dunkelgrau,,ZFM 730 Pflasterfugenmörtel dunkelgrau,,4250935100818,BASIC,Stk.,,Ja,Ja,STANDARD,Ja,Ja,Ja,kg,,,,Pflasterfugenmörtel zementgebunden,,Sack,25 kg Sack,,,,,,,Nein,Nein,Nein,Nein,,,,
wird autogeneriert,J0201325,,,ZFM 730 Pflasterfugenmörtel anthrazit,,ZFM 730 Pflasterfugenmörtel anthrazit,,4250935100825,BASIC,Stk.,,Ja,Ja,STANDARD,Ja,Ja,Ja,kg,,,,Pflasterfugenmörtel zementgebunden,,Sack,25 kg Sack,,,,,,,Nein,Nein,Nein,Nein,,,,
wird autogeneriert,J0201425,,,ZFM 730 Pflasterfugenmörtel sand,,ZFM 730 Pflasterfugenmörtel sand,,4250935100832,BASIC,Stk.,,Ja,Ja,STANDARD,Ja,Ja,Ja,kg,,,,Pflasterfugenmörtel zementgebunden,,Sack,25 kg Sack,,,,,,,Nein,Nein,Nein,Nein,,,,
wird autogeneriert,J0201925,,,ZFM 750/2 ZRB Pflasterfugenmörtel grau,,ZFM 750/2 ZRB Pflasterfugenmörtel grau,,4250935102782,BASIC,Stk.,,Ja,Ja,STANDARD,Ja,Ja,Ja,kg,,,,Pflasterfugenmörtel zementgebunden,,Sack,25 kg Sack,,,,,,,Nein,Nein,Nein,Nein,,,,
wird autogeneriert,J0202025,,,ZFM 800 Pflasterfugenmörtel grau,,ZFM 800 Pflasterfugenmörtel grau,,4250935100887,BASIC,Stk.,,Ja,Ja,STANDARD,Ja,Ja,Ja,kg,,,,Pflasterfugenmörtel zementgebunden,,Sack,25 kg Sack,,,,,,,Nein,Nein,Nein,Nein,,,,
wird autogeneriert,J0103525,,,KFM 120 Pflasterfugenmörtel sand,,KFM 120 Pflasterfugenmörtel sand,,4250935100238,BASIC,Stk.,,Ja,Ja,STANDARD,Ja,Ja,Ja,kg,,,,Pflasterfugenmörtel kunstharzgebunden,,Eimer,25 kg Eimer,,,,,,,Nein,Nein,Nein,Nein,,,,
wird autogeneriert,J0103825,,,KFM 120 Pflasterfugenmörtel steingrau,,KFM 120 Pflasterfugenmörtel steingrau,,4250935100269,BASIC,Stk.,,Ja,Ja,STANDARD,Ja,Ja,Ja,kg,,,,Pflasterfugenmörtel kunstharzgebunden,,Eimer,25 kg Eimer,,,,,,,Nein,Nein,Nein,Nein,,,,
wird autogeneriert,J0103625,,,KFM 120 Pflasterfugenmörtel grau,,KFM 120 Pflasterfugenmörtel grau,,4250935100245,BASIC,Stk.,,Ja,Ja,STANDARD,Ja,Ja,Ja,kg,,,,Pflasterfugenmörtel kunstharzgebunden,,Eimer,25 kg Eimer,,,,,,,Nein,Nein,Nein,Nein,,,,
wird autogeneriert,J0103725,,,KFM 120 Pflasterfugenmörtel anthrazit,,KFM 120 Pflasterfugenmörtel anthrazit,,4250935100252,BASIC,Stk.,,Ja,Ja,STANDARD,Ja,Ja,Ja,kg,,,,Pflasterfugenmörtel kunstharzgebunden,,Eimer,25 kg Eimer,,,,,,,Nein,Nein,Nein,Nein,,,,
wird autogeneriert,J0102025,,,KFM 200 Pflasterfugenmörtel sand,,KFM 200 Pflasterfugenmörtel sand,,4250935100061,BASIC,Stk.,,Ja,Ja,STANDARD,Ja,Ja,Ja,kg,,,,Pflasterfugenmörtel kunstharzgebunden,,Eimer,25 kg Eimer,,,,,,,Nein,Nein,Nein,Nein,,,,
wird autogeneriert,J0102325,,,KFM 200 Pflasterfugenmörtel steingrau,,KFM 200 Pflasterfugenmörtel steingrau,,4250935100092,BASIC,Stk.,,Ja,Ja,STANDARD,Ja,Ja,Ja,kg,,,,Pflasterfugenmörtel kunstharzgebunden,,Eimer,25 kg Eimer,,,,,,,Nein,Nein,Nein,Nein,,,,
wird autogeneriert,J0102125,,,KFM 200 Pflasterfugenmörtel grau,,KFM 200 Pflasterfugenmörtel grau,,4250935100078,BASIC,Stk.,,Ja,Ja,STANDARD,Ja,Ja,Ja,kg,,,,Pflasterfugenmörtel kunstharzgebunden,,Eimer,25 kg Eimer,,,,,,,Nein,Nein,Nein,Nein,,,,
wird autogeneriert,J0102225,,,KFM 200 Pflasterfugenmörtel anthrazit,,KFM 200 Pflasterfugenmörtel anthrazit,,4250935100085,BASIC,Stk.,,Ja,Ja,STANDARD,Ja,Ja,Ja,kg,,,,Pflasterfugenmörtel kunstharzgebunden,,Eimer,25 kg Eimer,,,,,,,Nein,Nein,Nein,Nein,,,,
wird autogeneriert,J0102520,,,KFM 200FF Pflasterfugenmörtel sand,,KFM 200FF Pflasterfugenmörtel sand,,,BASIC,Stk.,,Ja,Ja,STANDARD,Ja,Ja,Ja,kg,,,,Pflasterfugenmörtel kunstharzgebunden,,Eimer,20 kg Eimer,,,,,,,Nein,Nein,Nein,Nein,,,,
wird autogeneriert,J0102720,,,KFM 200FF Pflasterfugenmörtel steingrau,,KFM 200FF Pflasterfugenmörtel steingrau,,,BASIC,Stk.,,Ja,Ja,STANDARD,Ja,Ja,Ja,kg,,,,Pflasterfugenmörtel kunstharzgebunden,,Eimer,20 kg Eimer,,,,,,,Nein,Nein,Nein,Nein,,,,
wird autogeneriert,J0102620,,,KFM 200FF Pflasterfugenmörtel grau,,KFM 200FF Pflasterfugenmörtel grau,,,BASIC,Stk.,,Ja,Ja,STANDARD,Ja,Ja,Ja,kg,,,,Pflasterfugenmörtel kunstharzgebunden,,Eimer,20 kg Eimer,,,,,,,Nein,Nein,Nein,Nein,,,,
wird autogeneriert,J0102820,,,KFM 200FF Pflasterfugenmörtel anthrazit,,KFM 200FF Pflasterfugenmörtel anthrazit,,,BASIC,Stk.,,Ja,Ja,STANDARD,Ja,Ja,Ja,kg,,,,Pflasterfugenmörtel kunstharzgebunden,,Eimer,20 kg Eimer,,,,,,,Nein,Nein,Nein,Nein,,,,
wird autogeneriert,J0105025,,,KFM 280 Pflasterfugenmörtel sand,,KFM 280 Pflasterfugenmörtel sand,,4250935100351,BASIC,Stk.,,Ja,Ja,STANDARD,Ja,Ja,Ja,kg,,,,Pflasterfugenmörtel kunstharzgebunden,,Eimer,25 kg Eimer,,,,,,,Nein,Nein,Nein,Nein,,,,
wird autogeneriert,J0105325,,,KFM 280 Pflasterfugenmörtel steingrau,,KFM 280 Pflasterfugenmörtel steingrau,,4250935100382,BASIC,Stk.,,Ja,Ja,STANDARD,Ja,Ja,Ja,kg,,,,Pflasterfugenmörtel kunstharzgebunden,,Eimer,25 kg Eimer,,,,,,,Nein,Nein,Nein,Nein,,,,
wird autogeneriert,J0105125,,,KFM 280 Pflasterfugenmörtel grau,,KFM 280 Pflasterfugenmörtel grau,,4250935100368,BASIC,Stk.,,Ja,Ja,STANDARD,Ja,Ja,Ja,kg,,,,Pflasterfugenmörtel kunstharzgebunden,,Eimer,25 kg Eimer,,,,,,,Nein,Nein,Nein,Nein,,,,
wird autogeneriert,J0105225,,,KFM 280 Pflasterfugenmörtel anthrazit,,KFM 280 Pflasterfugenmörtel anthrazit,,4250935100375,BASIC,Stk.,,Ja,Ja,STANDARD,Ja,Ja,Ja,kg,,,,Pflasterfugenmörtel kunstharzgebunden,,Eimer,25 kg Eimer,,,,,,,Nein,Nein,Nein,Nein,,,,
wird autogeneriert,J0101025,,,KFM 300 Pflasterfugenmörtel sand,,KFM 300 Pflasterfugenmörtel sand,,4250935100023,BASIC,Stk.,,Ja,Ja,STANDARD,Ja,Ja,Ja,kg,,,,Pflasterfugenmörtel kunstharzgebunden,,Eimer,25 kg Eimer,,,,,,,Nein,Nein,Nein,Nein,,,,
wird autogeneriert,J0101325,,,KFM 300 Pflasterfugenmörtel steingrau,,KFM 300 Pflasterfugenmörtel steingrau,,4250935100054,BASIC,Stk.,,Ja,Ja,STANDARD,Ja,Ja,Ja,kg,,,,Pflasterfugenmörtel kunstharzgebunden,,Eimer,25 kg Eimer,,,,,,,Nein,Nein,Nein,Nein,,,,
wird autogeneriert,J0101125,,,KFM 300 Pflasterfugenmörtel grau,,KFM 300 Pflasterfugenmörtel grau,,4250935100030,BASIC,Stk.,,Ja,Ja,STANDARD,Ja,Ja,Ja,kg,,,,Pflasterfugenmörtel kunstharzgebunden,,Eimer,25 kg Eimer,,,,,,,Nein,Nein,Nein,Nein,,,,
wird autogeneriert,J0101225,,,KFM 300 Pflasterfugenmörtel anthrazit,,KFM 300 Pflasterfugenmörtel anthrazit,,4250935100047,BASIC,Stk.,,Ja,Ja,STANDARD,Ja,Ja,Ja,kg,,,,Pflasterfugenmörtel kunstharzgebunden,,Eimer,25 kg Eimer,,,,,,,Nein,Nein,Nein,Nein,,,,
wird autogeneriert,J0106025,,,MFS Mineras Fugensand sand,,MFS Mineras Fugensand sand,,4250935100405,BASIC,Stk.,,Ja,Ja,STANDARD,Ja,Ja,Ja,kg,,,,Fugensand mineralisch,,Sack,25 kg Sack,,,,,,,Nein,Nein,Nein,Nein,,,,
wird autogeneriert,J0106225,,,MFS Mineras Fugensand granit,,MFS Mineras Fugensand granit,,4250935102768,BASIC,Stk.,,Ja,Ja,STANDARD,Ja,Ja,Ja,kg,,,,Fugensand mineralisch,,Sack,25 kg Sack,,,,,,,Nein,Nein,Nein,Nein,,,,
wird autogeneriert,J0106425,,,MFS Mineras Fugensand nero,,MFS Mineras Fugensand nero,,4250935100405,BASIC,Stk.,,Ja,Ja,STANDARD,Ja,Ja,Ja,kg,,,,Fugensand mineralisch,,Sack,25 kg Sack,,,,,,,Nein,Nein,Nein,Nein,,,,
wird autogeneriert,J0211809,,,JURAFELX SABA Primer 2-K H17,,JURAFELX SABA Primer 2-K H17,,,BASIC,Stk.,,Ja,Ja,STANDARD,Ja,Ja,Ja,kg,,,,Elastische Dichtungssysteme für Bewegungsfugen,,Dose,900 ml,,,,,,,Nein,Nein,Nein,Nein,,,,
wird autogeneriert,J0211706,,,JURAFELX SABA Dichtstoff 1-K selbstnivellierend MS Floor SL,,JURAFELX SABA Dichtstoff 1-K selbstnivellierend MS Floor SL,,,BASIC,Btl.,,Ja,Ja,STANDARD,Ja,Ja,Ja,kg,,,,Elastische Dichtungssysteme für Bewegungsfugen,,Beutel,600 ml,,,,,,,Nein,Nein,Nein,Nein,,,,
wird autogeneriert,J0211606,,,JURAFELX SABA Dichtstoff 1-K standfest MS Floor,,JURAFELX SABA Dichtstoff 1-K standfest MS Floor,,,BASIC,Btl.,,Ja,Ja,STANDARD,Ja,Ja,Ja,kg,,,,Elastische Dichtungssysteme für Bewegungsfugen,,Beutel,600 ml,,,,,,,Nein,Nein,Nein,Nein,,,,
wird autogeneriert,J0211507,,,JURAFLEX SABA Polysulfid Dichtstoff 2-K Sealer Field,,JURAFLEX SABA Polysulfid Dichtstoff 2-K Sealer Field,,,BASIC,Stk.,,Ja,Ja,STANDARD,Ja,Ja,Ja,kg,,,,Elastische Dichtungssysteme für Bewegungsfugen,,Eimer,"7,5 l",,,,,,,Nein,Nein,Nein,Nein,,,,
wird autogeneriert,J0220510,,,JURALITH Rundschnur 10 mm,,JURALITH Rundschnur 10 mm,,4250935101433,BASIC,lfm,,Ja,Ja,STANDARD,Ja,Ja,Ja,kg,,,,Elastische Dichtungssysteme für Bewegungsfugen,,Rolle,100 m Rolle,,,,,,,Nein,Nein,Nein,Nein,,,,
wird autogeneriert,J0220513,,,JURALITH Rundschnur 13 mm,,JURALITH Rundschnur 13 mm,,4250935101440,BASIC,lfm,,Ja,Ja,STANDARD,Ja,Ja,Ja,kg,,,,Elastische Dichtungssysteme für Bewegungsfugen,,Rolle,100 m Rolle,,,,,,,Nein,Nein,Nein,Nein,,,,
wird autogeneriert,J0220515,,,JURALITH Rundschnur 15 mm,,JURALITH Rundschnur 15 mm,,4250935101457,BASIC,lfm,,Ja,Ja,STANDARD,Ja,Ja,Ja,kg,,,,Elastische Dichtungssysteme für Bewegungsfugen,,Rolle,100 m Rolle,,,,,,,Nein,Nein,Nein,Nein,,,,
wird autogeneriert,J0220520,,,JURALITH Rundschnur 20 mm,,JURALITH Rundschnur 20 mm,,4250935101464,BASIC,lfm,,Ja,Ja,STANDARD,Ja,Ja,Ja,kg,,,,Elastische Dichtungssysteme für Bewegungsfugen,,Rolle,50 m Rolle,,,,,,,Nein,Nein,Nein,Nein,,,,
wird autogeneriert,J0220525,,,JURALITH Rundschnur 25 mm,,JURALITH Rundschnur 25 mm,,4250935101471,BASIC,lfm,,Ja,Ja,STANDARD,Ja,Ja,Ja,kg,,,,Elastische Dichtungssysteme für Bewegungsfugen,,Rolle,50 m Rolle,,,,,,,Nein,Nein,Nein,Nein,,,,
wird autogeneriert,J0220206,,,JURAFLEX Fugenband 8 x 60 mm,,JURAFLEX Fugenband 8 x 60 mm,,,BASIC,lfm,,Ja,Ja,STANDARD,Ja,Ja,Ja,kg,,,,Elastische Dichtungssysteme für Bewegungsfugen,,Rolle,10 m Rolle,,,,,,,Nein,Nein,Nein,Nein,,,,
wird autogeneriert,J0220208,,,JURAFLEX Fugenband 8 x 80 mm,,JURAFLEX Fugenband 8 x 80 mm,,,BASIC,lfm,,Ja,Ja,STANDARD,Ja,Ja,Ja,kg,,,,Elastische Dichtungssysteme für Bewegungsfugen,,Rolle,10 m Rolle,,,,,,,Nein,Nein,Nein,Nein,,,,
wird autogeneriert,J0220006,,,JURAFLEX Fugenband 10 x 60 mm,,JURAFLEX Fugenband 10 x 60 mm,,,BASIC,lfm,,Ja,Ja,STANDARD,Ja,Ja,Ja,kg,,,,Elastische Dichtungssysteme für Bewegungsfugen,,Rolle,10 m Rolle,,,,,,,Nein,Nein,Nein,Nein,,,,
wird autogeneriert,J0220008,,,JURAFLEX Fugenband 10 x 80 mm,,JURAFLEX Fugenband 10 x 80 mm,,,BASIC,lfm,,Ja,Ja,STANDARD,Ja,Ja,Ja,kg,,,,Elastische Dichtungssysteme für Bewegungsfugen,,Rolle,10 m Rolle,,,,,,,Nein,Nein,Nein,Nein,,,,
wird autogeneriert,J0220010,,,JURAFLEX Fugenband 10 x 100 mm,,JURAFLEX Fugenband 10 x 100 mm,,,BASIC,lfm,,Ja,Ja,STANDARD,Ja,Ja,Ja,kg,,,,Elastische Dichtungssysteme für Bewegungsfugen,,Rolle,10 m Rolle,,,,,,,Nein,Nein,Nein,Nein,,,,
wird autogeneriert,J0220012,,,JURAFLEX Fugenband 10 x 120 mm,,JURAFLEX Fugenband 10 x 120 mm,,,BASIC,lfm,,Ja,Ja,STANDARD,Ja,Ja,Ja,kg,,,,Elastische Dichtungssysteme für Bewegungsfugen,,Rolle,10 m Rolle,,,,,,,Nein,Nein,Nein,Nein,,,,
wird autogeneriert,J0220014,,,JURAFLEX Fugenband 10 x 140 mm,,JURAFLEX Fugenband 10 x 140 mm,,,BASIC,lfm,,Ja,Ja,STANDARD,Ja,Ja,Ja,kg,,,,Elastische Dichtungssysteme für Bewegungsfugen,,Rolle,10 m Rolle,,,,,,,Nein,Nein,Nein,Nein,,,,
wird autogeneriert,J0220016,,,JURAFLEX Fugenband 10 x 160 mm,,JURAFLEX Fugenband 10 x 160 mm,,,BASIC,lfm,,Ja,Ja,STANDARD,Ja,Ja,Ja,kg,,,,Elastische Dichtungssysteme für Bewegungsfugen,,Rolle,10 m Rolle,,,,,,,Nein,Nein,Nein,Nein,,,,
wird autogeneriert,J0220018,,,JURAFLEX Fugenband 10 x 180 mm,,JURAFLEX Fugenband 10 x 180 mm,,,BASIC,lfm,,Ja,Ja,STANDARD,Ja,Ja,Ja,kg,,,,Elastische Dichtungssysteme für Bewegungsfugen,,Rolle,10 m Rolle,,,,,,,Nein,Nein,Nein,Nein,,,,
wird autogeneriert,J0220020,,,JURAFLEX Fugenband 10 x 200 mm,,JURAFLEX Fugenband 10 x 200 mm,,,BASIC,lfm,,Ja,Ja,STANDARD,Ja,Ja,Ja,kg,,,,Elastische Dichtungssysteme für Bewegungsfugen,,Rolle,10 m Rolle,,,,,,,Nein,Nein,Nein,Nein,,,,
wird autogeneriert,J0220022,,,JURAFLEX Fugenband 10 x 220 mm,,JURAFLEX Fugenband 10 x 220 mm,,,BASIC,lfm,,Ja,Ja,STANDARD,Ja,Ja,Ja,kg,,,,Elastische Dichtungssysteme für Bewegungsfugen,,Rolle,10 m Rolle,,,,,,,Nein,Nein,Nein,Nein,,,,
wird autogeneriert,J0220024,,,JURAFLEX Fugenband 10 x 240 mm,,JURAFLEX Fugenband 10 x 240 mm,,,BASIC,lfm,,Ja,Ja,STANDARD,Ja,Ja,Ja,kg,,,,Elastische Dichtungssysteme für Bewegungsfugen,,Rolle,10 m Rolle,,,,,,,Nein,Nein,Nein,Nein,,,,
wird autogeneriert,J0220026,,,JURAFLEX Fugenband 10 x 260 mm,,JURAFLEX Fugenband 10 x 260 mm,,,BASIC,lfm,,Ja,Ja,STANDARD,Ja,Ja,Ja,kg,,,,Elastische Dichtungssysteme für Bewegungsfugen,,Rolle,10 m Rolle,,,,,,,Nein,Nein,Nein,Nein,,,,
wird autogeneriert,J0220028,,,JURAFLEX Fugenband 10 x 280 mm,,JURAFLEX Fugenband 10 x 280 mm,,,BASIC,lfm,,Ja,Ja,STANDARD,Ja,Ja,Ja,kg,,,,Elastische Dichtungssysteme für Bewegungsfugen,,Rolle,10 m Rolle,,,,,,,Nein,Nein,Nein,Nein,,,,
wird autogeneriert,J0220030,,,JURAFLEX Fugenband 10 x 300 mm,,JURAFLEX Fugenband 10 x 300 mm,,,BASIC,lfm,,Ja,Ja,STANDARD,Ja,Ja,Ja,kg,,,,Elastische Dichtungssysteme für Bewegungsfugen,,Rolle,10 m Rolle,,,,,,,Nein,Nein,Nein,Nein,,,,
wird autogeneriert,J0220032,,,JURAFLEX Fugenband 10 x 320 mm,,JURAFLEX Fugenband 10 x 320 mm,,,BASIC,lfm,,Ja,Ja,STANDARD,Ja,Ja,Ja,kg,,,,Elastische Dichtungssysteme für Bewegungsfugen,,Rolle,10 m Rolle,,,,,,,Nein,Nein,Nein,Nein,,,,
wird autogeneriert,J0220034,,,JURAFLEX Fugenband 10 x 340 mm,,JURAFLEX Fugenband 10 x 340 mm,,,BASIC,lfm,,Ja,Ja,STANDARD,Ja,Ja,Ja,kg,,,,Elastische Dichtungssysteme für Bewegungsfugen,,Rolle,10 m Rolle,,,,,,,Nein,Nein,Nein,Nein,,,,
wird autogeneriert,J0220036,,,JURAFLEX Fugenband 10 x 360 mm,,JURAFLEX Fugenband 10 x 360 mm,,,BASIC,lfm,,Ja,Ja,STANDARD,Ja,Ja,Ja,kg,,,,Elastische Dichtungssysteme für Bewegungsfugen,,Rolle,10 m Rolle,,,,,,,Nein,Nein,Nein,Nein,,,,
wird autogeneriert,J0220038,,,JURAFLEX Fugenband 10 x 380 mm,,JURAFLEX Fugenband 10 x 380 mm,,,BASIC,lfm,,Ja,Ja,STANDARD,Ja,Ja,Ja,kg,,,,Elastische Dichtungssysteme für Bewegungsfugen,,Rolle,10 m Rolle,,,,,,,Nein,Nein,Nein,Nein,,,,
wird autogeneriert,J0220040,,,JURAFLEX Fugenband 10 x 400 mm,,JURAFLEX Fugenband 10 x 400 mm,,,BASIC,lfm,,Ja,Ja,STANDARD,Ja,Ja,Ja,kg,,,,Elastische Dichtungssysteme für Bewegungsfugen,,Rolle,10 m Rolle,,,,,,,Nein,Nein,Nein,Nein,,,,
wird autogeneriert,J0221314,,,JURAFLEX FUGENBAND 10 x 140 mm mit Abrisskante,,JURAFLEX FUGENBAND 10 x 140 mm mit Abrisskante,,,BASIC,lfm,,Ja,Ja,STANDARD,Ja,Ja,Ja,kg,,,,Elastische Dichtungssysteme für Bewegungsfugen,,Rolle,10 m Rolle,,,,,,,Nein,Nein,Nein,Nein,,,,
wird autogeneriert,J0221320,,,JURAFLEX FUGENBAND 10 x 200 mm mit Abrisskante,,JURAFLEX FUGENBAND 10 x 200 mm mit Abrisskante,,,BASIC,lfm,,Ja,Ja,STANDARD,Ja,Ja,Ja,kg,,,,Elastische Dichtungssysteme für Bewegungsfugen,,Rolle,10 m Rolle,,,,,,,Nein,Nein,Nein,Nein,,,,
wird autogeneriert,J0221322,,,JURAFLEX FUGENBAND 10 x 220 mm mit Abrisskante,,JURAFLEX FUGENBAND 10 x 220 mm mit Abrisskante,,,BASIC,lfm,,Ja,Ja,STANDARD,Ja,Ja,Ja,kg,,,,Elastische Dichtungssysteme für Bewegungsfugen,,Rolle,10 m Rolle,,,,,,,Nein,Nein,Nein,Nein,,,,
wird autogeneriert,J0221401,,,JURAFLEX PE Universal-Fugenband 8 x 300 mm,,JURAFLEX PE Universal-Fugenband 8 x 300 mm,,,BASIC,lfm,,Ja,Ja,STANDARD,Ja,Ja,Ja,kg,,,,Elastische Dichtungssysteme für Bewegungsfugen,,Rolle,20 m Rolle,,,,,,,Nein,Nein,Nein,Nein,,,,
wird autogeneriert,J0221402,,,JURAFLEX PE Universal-Fugenband 10 x 300 mm,,JURAFLEX PE Universal-Fugenband 10 x 300 mm,,,BASIC,lfm,,Ja,Ja,STANDARD,Ja,Ja,Ja,kg,,,,Elastische Dichtungssysteme für Bewegungsfugen,,Rolle,10 m Rolle,,,,,,,Nein,Nein,Nein,Nein,,,,
wird autogeneriert,J0221404,,,JURAFLEX PE Universal-Fugenband 10 x 400 mm,,JURAFLEX PE Universal-Fugenband 10 x 400 mm,,,BASIC,lfm,,Ja,Ja,STANDARD,Ja,Ja,Ja,kg,,,,Elastische Dichtungssysteme für Bewegungsfugen,,Rolle,10 m Rolle,,,,,,,Nein,Nein,Nein,Nein,,,,
wird autogeneriert,J0111425,,,TNV Trass-Natursteinverlegemörtel flexibel,,TNV Trass-Natursteinverlegemörtel flexibel,,4250935100641,BASIC,Stk.,,Ja,Ja,STANDARD,Ja,Ja,Ja,kg,,,,Natursteinmörtel und -kleber,,Sack,25 kg Sack,,,,,,,Nein,Nein,Nein,Nein,,,,
wird autogeneriert,J0111125,,,TZM Trass-Zementmörtel,,TZM Trass-Zementmörtel,,4250935100610,BASIC,Stk.,,Ja,Ja,STANDARD,Ja,Ja,Ja,kg,,,,Natursteinmörtel und -kleber,,Sack,25 kg Sack,,,,,,,Nein,Nein,Nein,Nein,,,,
wird autogeneriert,J0803725,,,TKM Trasskalkmörtel,,TKM Trasskalkmörtel,,,BASIC,Stk.,,Ja,Ja,STANDARD,Ja,Ja,Ja,kg,,,,Natursteinmörtel und -kleber,,Sack,25 kg Sack,,,,,,,Nein,Nein,Nein,Nein,,,,
wird autogeneriert,J0111225,,,NKW Natursteinkleber weiß,,NKW Natursteinkleber weiß,,4250935100627,BASIC,Stk.,,Ja,Ja,STANDARD,Ja,Ja,Ja,kg,,,,Natursteinmörtel und -kleber,,Sack,25 kg Sack,,,,,,,Nein,Nein,Nein,Nein,,,,
wird autogeneriert,J0111325,,,"NKWs Natursteinkleber weiß, schnell",,"NKWs Natursteinkleber weiß, schnell",,4250935100634,BASIC,Stk.,,Ja,Ja,STANDARD,Ja,Ja,Ja,kg,,,,Natursteinmörtel und -kleber,,Sack,25 kg Sack,,,,,,,Nein,Nein,Nein,Nein,,,,
wird autogeneriert,J0111825,,,MBM-T Mittelbettmörtel Trass,,MBM-T Mittelbettmörtel Trass,,4250935102805,BASIC,Stk.,,Ja,Ja,STANDARD,Ja,Ja,Ja,kg,,,,Natursteinmörtel und -kleber,,Sack,25 kg Sack,,,,,,,Nein,Nein,Nein,Nein,,,,
wird autogeneriert,J0111525,,,TNF Trass-Natursteinfuge,,TNF Trass-Natursteinfuge,,4250935100658,BASIC,Stk.,,Ja,Ja,STANDARD,Ja,Ja,Ja,kg,,,,Natursteinmörtel und -kleber,,Sack,25 kg Sack,,,,,,,Nein,Nein,Nein,Nein,,,,
wird autogeneriert,J0140210,,,KNF Keramik- und Natursteinfuge premium dunkelgrau,,KNF Keramik- und Natursteinfuge premium dunkelgrau,,,BASIC,Stk.,,Ja,Ja,STANDARD,Ja,Ja,Ja,kg,,,,Natursteinmörtel und -kleber,,Eimer,10 kg Eimer,,,,,,,Nein,Nein,Nein,Nein,,,,
wird autogeneriert,J0140110,,,KNF Keramik- und Natursteinfuge premium mittelgrau,,KNF Keramik- und Natursteinfuge premium mittelgrau,,,BASIC,Stk.,,Ja,Ja,STANDARD,Ja,Ja,Ja,kg,,,,Natursteinmörtel und -kleber,,Eimer,10 kg Eimer,,,,,,,Nein,Nein,Nein,Nein,,,,
wird autogeneriert,J0140010,,,KNF Keramik- und Natursteinfuge premium sand,,KNF Keramik- und Natursteinfuge premium sand,,,BASIC,Stk.,,Ja,Ja,STANDARD,Ja,Ja,Ja,kg,,,,Natursteinmörtel und -kleber,,Eimer,10 kg Eimer,,,,,,,Nein,Nein,Nein,Nein,,,,
wird autogeneriert,J0802025,,,Schachtkopfmörtel schnell,,Schachtkopfmörtel schnell,,4250935102966,BASIC,Stk.,,Ja,Ja,STANDARD,Ja,Ja,Ja,kg,,,,Ergänzungsprodukte,,Sack,25 kg Sack,,,,,,,Nein,Nein,Nein,Nein,,,,
wird autogeneriert,J0213221,,,ADS-F Abdichtungsspachtel filzbar,,ADS-F Abdichtungsspachtel filzbar,,,BASIC,Stk.,,Ja,Ja,STANDARD,Ja,Ja,Ja,kg,,,,Ergänzungsprodukte,,Gebinde,15 kg + 6 l,,,,,,,Nein,Nein,Nein,Nein,,,,
wird autogeneriert,J1400620,,,SBA plus Schnellbauabdichtung,,SBA plus Schnellbauabdichtung,,,BASIC,Stk.,,Ja,Ja,STANDARD,Ja,Ja,Ja,kg,,,,Ergänzungsprodukte,,Gebinde,20 kg,,,,,,,Nein,Nein,Nein,Nein,,,,
wird autogeneriert,J1400505,,,Universalgrundierung UG,,Universalgrundierung UG,,,BASIC,Stk.,,Ja,Ja,STANDARD,Ja,Ja,Ja,kg,,,,Ergänzungsprodukte,,Kanister,5 l,,,,,,,Nein,Nein,Nein,Nein,,,,
wird autogeneriert,J1400520,,,Universalgrundierung UG,,Universalgrundierung UG,,,BASIC,Stk.,,Ja,Ja,STANDARD,Ja,Ja,Ja,kg,,,,Ergänzungsprodukte,,Kanister,20 l,,,,,,,Nein,Nein,Nein,Nein,,,,
wird autogeneriert,J0210901,,,PU-Bindemittel,,PU-Bindemittel,,4250935102720,BASIC,Stk.,,Ja,Ja,STANDARD,Ja,Ja,Ja,kg,,,,Ergänzungsprodukte,,Dose,1 kg Dose,,,,,,,Nein,Nein,Nein,Nein,,,,
wird autogeneriert,J0210905,,,PU-Bindemittel,,PU-Bindemittel,,,BASIC,Stk.,,Ja,Ja,STANDARD,Ja,Ja,Ja,kg,,,,Ergänzungsprodukte,,Kanister,5 kg Kanister,,,,,,,Nein,Nein,Nein,Nein,,,,
wird autogeneriert,J0500001,,,EGM Epoxi-Grundier- und Multifunktionsharz,,EGM Epoxi-Grundier- und Multifunktionsharz,,4250935101587,BASIC,Stk.,,Ja,Ja,STANDARD,Ja,Ja,Ja,kg,,,,Ergänzungsprodukte,,Gebinde,1 kg Beutel,,,,,,,Nein,Nein,Nein,Nein,,,,
wird autogeneriert,J0500002,,,EGM Epoxi-Grundier- und Multifunktionsharz,,EGM Epoxi-Grundier- und Multifunktionsharz,,4250935101594,BASIC,Stk.,,Ja,Ja,STANDARD,Ja,Ja,Ja,kg,,,,Ergänzungsprodukte,,Gebinde,2 kg Dose,,,,,,,Nein,Nein,Nein,Nein,,,,
wird autogeneriert,J0290401,,,Porenfüller,,Porenfüller,,,BASIC,Stk.,,Ja,Ja,STANDARD,Ja,Ja,Ja,kg,,,,Ergänzungsprodukte,,Flasche,1 l Flasche,,,,,,,Nein,Nein,Nein,Nein,,,,
wird autogeneriert,J0291000,,,Handdüse,,Handdüse,,4250935101525,BASIC,Stk.,,Ja,Ja,STANDARD,Ja,Ja,Ja,kg,,,,Werkzeuge und Geräte,,Stück,1 Stück,,,,,,,Nein,Nein,Nein,Nein,,,,
wird autogeneriert,J0291001,,,Mischbehälter,,Mischbehälter,,4250935101532,BASIC,Stk.,,Ja,Ja,STANDARD,Ja,Ja,Ja,kg,,,,Werkzeuge und Geräte,,Stück,1 Stück,,,,,,,Nein,Nein,Nein,Nein,,,,
wird autogeneriert,J0211000,,,Primerflasche 125 ml mit Pinsel,,Primerflasche 125 ml mit Pinsel,,4250935101051,BASIC,Stk.,,Ja,Ja,STANDARD,Ja,Ja,Ja,kg,,,,Werkzeuge und Geräte,,Stück,1 Stück,,,,,,,Nein,Nein,Nein,Nein,,,,
wird autogeneriert,J0211001,,,Ersatzpinsel für Primerflasche,,Ersatzpinsel für Primerflasche,,4250935101068,BASIC,Stk.,,Ja,Ja,STANDARD,Ja,Ja,Ja,kg,,,,Werkzeuge und Geräte,,Stück,1 Stück,,,,,,,Nein,Nein,Nein,Nein,,,,
wird autogeneriert,J0210302,,,Dichtstoffpistole H2PS für Schlauchb. 600 ml,,Dichtstoffpistole H2PS für Schlauchb. 600 ml,,4250935102829,BASIC,Stk.,,Ja,Ja,STANDARD,Ja,Ja,Ja,kg,,,,Werkzeuge und Geräte,,Stück,1 Stück,,,,,,,Nein,Nein,Nein,Nein,,,,
